Id,subscription
4949,0
4298,1
4359,0
5378,0
3095,0
6904,0
8737,1
7745,0
8217,0
4642,0
2403,1
2288,0
4718,1
4506,0
6936,1
8687,1
4860,1
7198,0
7678,0
2883,1
7577,1
5726,0
7682,0
2355,0
6098,1
4138,1
5364,1
7671,1
3336,1
530,0
7871,0
379,1
2528,1
4710,1
7113,0
1441,0
8286,1
2005,0
1431,0
8012,0
3226,0
3252,0
8864,1
247,0
7817,0
4524,0
885,1
4543,0
3548,0
1722,0
679,0
4312,0
3183,0
2554,0
4016,0
2501,0
2276,1
7654,0
3810,1
4111,1
4395,1
8422,0
4050,0
2710,0
1667,0
7308,0
5204,0
6746,0
3132,1
3144,0
4967,0
727,1
3155,0
3094,1
970,1
4468,0
8921,0
7236,1
1022,0
6612,1
2142,0
2063,0
3039,0
3257,0
1805,1
2353,1
7908,0
412,1
3028,1
841,0
8323,0
2169,1
6926,1
3298,0
417,1
8365,1
5038,1
1418,0
1316,0
8205,0
5596,1
4134,0
6011,1
7525,0
4286,0
2404,1
6704,1
1829,0
2930,0
1990,0
4516,1
3743,1
6586,1
5821,0
3195,0
821,1
314,0
1018,1
6382,1
4158,1
8833,0
4104,1
6433,0
4250,1
489,0
7275,0
2129,0
6198,1
4100,0
7775,0
7953,0
6211,0
4004,1
1421,0
6592,1
384,0
8917,0
1139,0
301,0
1797,0
2023,1
1370,1
8245,1
4144,0
3229,0
7250,0
911,0
8763,0
3969,1
7681,0
3323,1
8215,0
6156,1
6396,0
7442,1
5450,1
584,0
3220,1
4415,1
3496,0
1024,0
8615,0
526,0
5432,0
1982,0
3624,0
938,1
3526,1
812,1
5650,1
3398,1
2121,1
2599,1
8379,0
8027,1
1193,1
5417,1
7718,0
7341,1
5907,0
5464,0
3790,1
7070,1
8486,1
3092,0
6268,1
850,0
2731,0
8939,0
4595,1
2055,0
5937,1
8639,1
6334,0
4772,1
4466,1
4874,1
5758,0
6291,0
1447,0
1017,0
1594,1
7787,1
6383,0
5663,1
1191,0
7022,1
1881,0
7492,0
1361,1
4216,1
4520,1
8496,0
5179,1
7558,0
7636,0
5472,0
6788,1
3765,0
2825,0
3506,0
4639,0
2664,0
7989,1
6126,0
7093,0
8255,0
6099,0
478,0
5567,0
7753,1
5190,0
1761,0
64,0
6402,0
5817,0
7182,0
2523,0
1607,1
8929,0
469,0
1818,0
349,1
5156,0
3182,1
7913,0
8146,1
4638,0
5593,0
6504,0
8288,1
3968,1
96,1
6536,0
5069,0
3741,0
8440,0
7943,0
1215,0
6627,0
7048,1
2279,0
3902,1
3512,1
6515,0
939,0
4106,1
7069,1
3740,0
6737,1
2189,1
1973,0
4311,1
5992,0
3205,0
2467,1
2789,1
1688,1
1259,0
8944,0
4180,1
4628,1
7848,0
3380,0
935,1
2692,0
4235,0
4839,0
5218,0
5512,1
8177,1
7948,1
3141,1
479,1
7955,1
6000,1
1400,1
4187,0
41,1
3174,0
1433,0
7532,1
8596,0
6547,0
2390,0
6501,1
8226,1
8415,0
5465,1
1010,0
1466,1
4367,1
1964,1
2289,1
6933,0
4841,0
5698,0
640,0
771,0
4739,0
2558,1
262,1
6910,0
7047,1
1244,0
5500,1
7147,1
6831,1
3483,0
5800,0
2912,1
2540,1
7122,0
6120,1
8122,1
2263,1
7793,1
1102,0
2592,1
3914,0
7353,1
7535,1
4357,0
7529,1
7626,0
2525,1
8540,1
1877,0
2358,0
4618,0
3056,0
4360,0
8528,1
4396,1
8168,1
3295,1
2099,0
2717,1
8747,0
688,0
769,0
5471,0
5912,0
8339,1
231,0
1085,1
4107,0
3920,0
2253,1
7530,0
3093,0
3559,0
4961,1
6541,1
4942,0
6491,1
1988,0
4292,0
8674,1
4676,0
8855,0
7228,0
5848,0
6102,1
6835,1
2931,0
5736,1
2029,0
5249,0
4066,0
1494,1
4576,0
7823,1
780,1
2381,1
1654,0
139,0
8180,0
3938,0
6390,0
65,0
6594,0
504,1
6832,0
2690,0
2051,1
3200,0
5875,0
1875,1
8018,0
6426,0
1908,0
4843,0
843,1
7796,0
7574,1
5858,1
2400,0
8662,1
2946,0
1524,0
7542,1
5579,0
3179,1
3953,0
362,0
1012,0
891,0
3288,1
5145,0
1724,0
8311,0
3076,0
249,0
2989,0
6484,0
3109,1
416,1
2985,0
8616,0
8532,0
4946,0
263,0
6622,0
6477,1
2229,0
4317,0
665,1
3694,1
8066,1
645,0
5032,1
37,0
1611,0
6747,0
2778,1
8619,1
4287,1
5098,0
5390,1
5573,0
5607,1
6023,1
3358,0
2177,1
7835,1
1237,1
1036,0
2704,1
3362,0
4256,1
1548,1
1677,0
4933,0
1974,0
185,1
8550,0
7071,0
8806,1
6262,1
8022,0
3482,1
8947,0
5238,0
5324,1
3018,0
7219,0
8314,0
1084,0
7438,0
8754,1
4837,0
2520,1
2209,0
2861,0
5917,1
1996,1
7449,1
2452,0
1355,0
2847,1
241,0
8143,0
3945,0
926,0
1926,1
5377,1
7987,0
8017,0
6860,0
8399,1
6301,1
6719,0
5745,0
1230,0
5516,0
6030,1
3449,0
4972,0
8298,1
4099,0
4975,1
508,1
5697,0
4736,0
8874,0
2615,0
4990,1
3744,1
4857,1
157,1
1660,0
4425,0
6614,0
4303,0
443,0
487,0
3847,0
3119,0
5327,1
6663,1
3889,0
5103,1
3690,1
6559,0
8405,1
1989,0
4166,1
1720,0
2483,1
5165,1
4045,0
7819,0
4399,1
540,1
5578,1
8721,1
7028,1
2033,1
1516,0
623,0
8137,1
1648,1
2899,1
6330,1
339,0
2072,0
2295,1
8796,0
7904,0
5791,0
378,1
6411,0
2075,0
4193,0
1717,1
2715,0
7188,0
542,1
341,1
4337,1
7477,1
8034,1
2573,1
4550,0
7664,1
5305,1
7138,1
5529,0
2116,0
5346,0
6430,0
4917,1
510,0
7659,1
1582,1
7689,0
5916,0
2992,0
6033,1
5268,1
8943,1
7248,1
1367,1
1046,0
2012,0
7072,0
5598,0
6319,0
6342,0
7091,1
312,1
500,0
4538,1
3561,1
8884,0
1725,0
6802,0
4992,0
1745,0
2699,1
2079,0
4831,0
8613,0
419,0
8626,0
8951,1
3699,0
6675,1
784,0
8305,0
7485,0
4805,0
7927,0
2425,0
4490,1
6552,0
8600,1
8950,1
2223,0
2236,0
1053,0
8904,1
6257,1
4947,0
7332,0
3350,1
5330,0
5091,1
8780,0
5412,0
579,0
8942,0
1749,0
8525,1
6590,0
2402,1
8490,0
3995,1
336,0
2047,1
4801,0
6194,0
4574,0
5474,0
8937,1
4473,0
176,1
7125,0
5658,0
7120,0
6088,0
4589,1
6512,1
4179,0
8249,1
8095,1
7087,0
1194,1
1456,0
2303,0
330,0
2036,1
6223,0
7479,1
6298,0
4260,0
692,0
778,0
5816,1
2663,1
5661,0
6918,0
2010,0
8618,1
8824,1
6616,1
3528,0
4897,0
1696,1
4283,0
8841,0
531,0
1110,1
2965,0
4829,1
4774,1
2829,1
2406,1
7392,1
627,0
3730,1
2305,1
779,0
6742,1
4194,0
2472,0
2517,0
6661,0
1714,0
7539,0
6738,1
4685,0
4585,1
1737,0
910,0
1886,1
3438,0
1331,0
2185,0
8916,0
4325,1
1998,0
8445,1
7414,1
6922,1
3173,0
1406,0
2865,0
8576,1
1206,0
1573,1
7616,1
7037,1
1299,0
3645,1
8219,0
2217,0
583,0
7340,1
2024,1
1630,0
6726,0
4997,0
6106,1
1011,0
7234,0
761,0
7058,0
2732,0
4447,1
8303,1
2449,0
6074,1
1211,1
5972,1
7433,1
7486,0
7235,0
4964,0
601,0
918,1
1661,0
6578,0
5885,1
8157,1
4649,1
3193,0
174,1
3021,0
287,0
3809,0
5315,0
6195,0
3233,0
3680,0
4698,0
8401,1
3705,1
6602,1
3554,0
4289,0
8160,0
4036,1
7907,0
4634,0
2278,0
3563,0
7595,1
2849,0
451,0
4650,0
1671,0
7855,0
8356,0
4035,1
3990,1
7227,0
207,1
7142,1
2816,1
5957,1
2282,1
7954,1
2037,0
8889,0
8216,1
2961,0
3186,1
252,0
7978,0
1474,0
2307,0
4762,0
1968,0
552,0
2581,0
5074,1
3402,1
766,0
3542,0
6376,0
2698,1
551,0
6565,1
7085,1
4271,1
5492,0
3266,0
3324,0
5243,1
1954,1
3754,1
7150,0
7412,1
6636,0
7095,0
3234,0
4987,0
669,0
1628,1
2830,0
6387,0
1362,0
3840,1
652,0
1859,1
7368,1
6575,1
6314,0
4892,0
5045,1
1726,0
6493,0
3122,0
1618,1
6138,0
8598,0
8278,0
310,1
2948,0
1773,0
6373,0
8784,0
875,0
543,0
8717,1
3907,0
1318,1
8049,0
6315,0
5287,1
2265,0
8413,0
4616,0
7849,0
1417,1
564,0
7450,0
8805,0
1935,1
8538,0
4171,0
6472,1
5913,0
3409,1
7381,0
444,1
2806,0
4370,0
8474,0
4612,1
4621,0
425,1
4128,0
366,0
6059,1
7355,1
3934,1
5252,1
5712,0
7560,0
7240,0
1855,0
3695,0
7648,1
8044,1
2078,1
4647,0
742,0
6767,0
5421,1
6389,0
2718,0
6076,1
3294,1
2982,1
5746,1
221,1
1566,1
5656,0
8709,0
7204,1
5345,0
7945,0
6656,0
2146,0
8042,0
7677,1
2128,1
8827,0
8852,0
7637,0
4553,0
1939,0
5224,1
5710,0
6510,0
1596,1
7021,1
8170,0
7924,1
211,0
356,0
6320,1
4129,0
5497,0
881,0
5919,1
3236,0
8715,0
6243,0
7052,0
3673,0
7830,0
1985,0
8333,0
8024,1
1378,1
8819,0
8731,1
5403,1
5844,0
4122,1
3194,1
8040,0
7690,1
6002,0
897,0
1969,0
218,0
1416,0
6339,0
5878,0
4338,0
5373,0
8250,1
6600,0
8189,0
2962,1
7384,0
97,0
596,1
8194,0
6560,0
3583,0
5277,1
3440,0
4731,0
4693,0
2287,0
2678,0
7655,0
6090,0
5343,0
1567,1
8313,0
6670,0
6917,0
6260,0
1841,1
2331,1
2859,0
4581,0
5186,0
3535,0
4096,1
296,1
1103,0
730,0
621,1
3670,1
7290,1
2652,1
1262,1
5051,0
3963,1
872,0
6276,1
91,0
5219,0
4366,1
1207,1
7915,0
8856,1
5119,0
5994,1
5959,1
3005,0
5203,1
6965,0
3841,1
1321,0
7786,0
718,1
3767,0
1054,0
5934,0
3688,1
3215,0
4881,0
1862,1
4849,1
2304,1
5428,1
1009,1
117,0
377,0
447,0
7932,0
6522,1
2895,0
159,0
3221,1
2606,0
5260,1
2195,0
922,1
6571,0
7034,0
4771,0
7694,1
60,1
6422,1
1177,0
2431,0
1824,1
6707,0
8297,0
6284,0
2805,1
4754,1
5926,0
7242,1
6427,1
5333,1
5594,0
1839,1
1415,1
6446,1
8701,0
2913,1
353,0
7197,0
1384,1
2136,1
7460,1
4607,1
106,1
2162,0
4139,0
2296,1
5154,1
6357,1
1783,0
1127,0
1515,1
5628,0
2130,0
3309,1
1835,1
3916,0
5629,1
3275,1
3779,0
3794,0
4985,0
8237,0
5481,0
958,1
6543,0
3424,1
5055,0
2046,1
7491,1
5684,0
3951,1
3342,1
1060,1
3601,1
3884,1
1883,1
6775,1
4822,1
66,0
1365,1
4333,1
5664,1
1551,0
643,1
7104,1
8785,1
8006,0
5895,0
3823,0
6112,0
3852,0
8306,0
8448,1
83,0
4501,0
4385,0
1681,0
1837,0
1537,1
8326,1
3804,0
4683,1
5271,0
7743,0
434,0
3260,1
8887,1
3493,1
5559,1
5041,0
5177,1
7549,1
4688,1
2767,1
7594,1
2515,1
2819,1
7582,0
706,1
6975,0
5176,0
8312,0
8789,0
4098,1
8578,0
7660,0
1121,0
6608,1
3874,1
7080,1
8127,0
8748,1
4462,1
5391,1
4085,0
3774,0
6374,0
1381,1
2779,0
2579,0
7722,1
4675,0
2940,1
5742,1
8793,1
8724,0
1454,1
6934,0
1096,0
3349,0
456,1
411,1
8907,0
7281,1
6258,1
5418,1
5447,0
6008,1
3444,0
4023,0
5445,0
6735,1
4968,1
667,0
485,1
5739,0
5866,0
7846,0
4351,0
2543,0
1330,1
2795,0
3735,1
798,0
6796,0
7166,0
8455,0
5634,1
6350,0
3213,1
6952,0
3566,0
2255,0
7279,1
338,0
8627,1
5485,0
3129,0
4039,0
3262,1
4579,0
7980,0
3387,0
4706,0
7359,0
5741,1
8451,0
6984,0
5632,1
477,0
3607,1
2268,1
4703,1
2842,1
2986,0
5163,0
1461,0
3247,1
5248,1
8728,0
8499,1
6483,0
982,1
3553,1
1780,0
7657,1
1921,1
3546,1
7013,0
5468,0
7668,0
1900,1
6769,0
7934,0
3322,1
6371,0
1029,0
4282,1
8563,0
3443,1
4611,1
1168,0
4174,0
1245,1
5783,1
1117,1
1730,0
8223,0
8073,0
4845,0
2706,1
8694,1
328,0
4894,0
3383,0
441,0
1864,1
3718,0
6175,0
2616,1
6464,0
8703,1
6913,0
2544,0
8516,1
7078,0
3855,1
405,1
4015,1
3178,1
1016,0
8905,0
980,1
7099,0
2462,0
3421,0
2627,0
1787,1
7469,1
3314,1
483,0
6751,0
6580,1
6111,0
5132,1
5640,0
560,1
8935,0
6488,0
8850,1
7916,1
556,0
7642,0
7285,0
3919,1
3127,0
188,0
4523,0
8475,0
6434,1
4336,0
7781,0
3050,0
7833,1
7459,0
7758,1
832,0
8147,0
1589,0
3256,1
4915,0
1743,1
2625,0
1561,0
2897,0
518,1
1171,0
1212,1
4633,1
7167,1
4299,0
788,0
8141,0
2752,0
3651,0
3455,1
269,1
5873,1
514,0
2068,0
5232,0
580,1
7415,0
2963,0
3316,0
1389,0
685,0
6819,0
550,1
6052,0
2798,0
5896,1
1300,1
568,0
2750,0
5510,0
418,0
6734,0
1209,1
7126,0
1570,1
5349,1
7169,0
681,1
7812,1
2238,0
4936,1
6089,0
6412,0
3149,1
7181,0
6060,0
7035,0
2884,0
6340,1
3815,0
6911,1
3604,0
2144,1
7695,0
3828,0
8212,1
2901,0
3366,1
2610,0
6149,1
586,1
8190,0
8567,0
6063,0
1095,0
6348,1
2916,0
5155,0
5668,0
1407,0
5018,1
4867,1
3627,1
3957,0
5804,1
7520,0
6969,1
7431,1
5795,0
3258,0
2860,1
3854,0
3167,0
5290,1
2244,0
523,0
1432,1
5466,1
7030,1
3724,0
8861,1
1164,0
696,1
3435,1
1706,1
3301,0
8823,1
1759,0
7484,0
2574,1
2645,0
5241,1
329,0
2733,1
8374,0
4775,0
3327,1
4663,0
3544,1
6509,0
7941,1
1277,1
5401,1
7299,0
1979,0
2269,0
407,0
1643,0
8617,1
6817,1
2657,0
7872,0
6375,1
6440,1
2822,0
244,0
5044,0
4498,1
8060,1
7715,0
4070,0
6581,1
2139,1
5541,1
599,0
8235,0
1751,0
3108,1
7374,0
8503,0
2132,0
6820,1
3877,0
5665,0
3658,1
8493,1
192,1
4114,0
457,0
5128,0
3596,0
4243,1
7567,0
2050,1
4547,0
8153,0
1089,0
8138,1
229,0
5687,0
7729,0
675,0
274,0
8309,0
2027,0
6097,1
2163,1
5886,1
5242,1
898,1
7911,1
6293,0
5960,1
4012,1
8174,1
6025,1
2441,0
1952,1
578,1
7828,1
423,1
1393,1
572,1
733,0
5168,0
2746,0
770,0
463,0
5404,1
42,1
8192,1
7737,1
4901,0
8231,1
4205,1
6448,0
8324,0
1806,0
5486,1
2518,0
1775,0
3326,1
4643,0
7703,0
8057,1
5655,1
6686,1
1350,1
5137,1
7117,1
1828,0
515,0
1380,0
8478,0
6642,0
2729,0
2379,1
3842,0
5587,0
7617,1
7389,1
4549,0
6214,0
1700,1
7930,1
6973,0
649,1
402,0
4491,1
6687,0
4062,0
5413,1
1094,1
2988,0
5718,0
5382,0
4074,1
2345,0
3798,0
8539,1
7644,1
7672,0
3686,1
3126,0
2589,0
944,1
3582,0
5170,0
5789,1
6443,1
2908,1
6613,1
5824,0
6574,1
8622,0
2777,1
4322,0
2394,0
888,0
216,1
4435,0
6142,0
5871,1
3787,0
5749,0
7016,0
1568,0
626,0
7804,0
802,1
1866,0
3685,1
3495,0
7139,1
7802,1
7724,1
3697,0
5951,0
1572,0
1918,0
8802,1
5890,0
4697,0
4604,1
6353,1
4907,1
816,1
5785,1
6573,0
7313,0
8411,0
2524,0
4211,0
4391,0
3245,0
5208,1
6442,0
6010,1
1895,1
6566,1
966,1
7809,1
5115,1
6959,1
8488,1
1458,0
8118,0
3459,1
1947,1
6722,0
7079,1
3499,0
2104,0
7501,1
3159,0
8895,0
8069,0
8830,0
5411,1
1231,1
1616,0
6345,0
1843,0
2438,1
2141,1
250,0
3956,1
3864,1
1065,1
5143,0
4937,0
1015,0
4962,0
1986,0
7010,1
8207,0
565,1
1324,0
3671,0
2309,0
6852,1
1957,1
236,1
4464,1
6355,0
4671,0
6733,0
863,1
5059,1
3650,0
8078,1
8839,0
707,0
6894,0
6876,0
7896,1
831,0
2256,0
2807,1
6189,0
6360,1
2876,1
1213,0
834,1
5792,0
7788,0
7834,0
6370,0
8505,0
5171,1
6729,1
8847,1
6950,1
5264,0
5127,0
8307,1
1821,0
4013,0
7528,0
3099,1
2562,1
786,1
4918,0
2378,1
2300,0
3897,1
4924,0
6140,1
5387,1
4955,0
2218,1
1335,1
8791,0
8108,1
2417,0
6365,0
5470,0
4690,1
8449,1
8750,0
134,0
949,0
5515,1
5284,1
651,0
4979,0
212,1
3138,0
1375,1
5134,1
2474,0
1468,0
5433,1
5326,1
3835,0
1469,0
2455,0
6673,0
3944,0
8329,1
206,0
525,0
699,0
6444,0
3031,1
731,1
1527,0
6838,1
7738,1
7160,1
8229,1
6858,1
1234,0
6364,0
5856,1
571,0
8630,1
8234,1
5520,0
6811,0
5210,0
5255,1
2539,0
6793,1
4792,0
871,1
566,0
3829,0
1831,1
5101,0
7456,1
8358,0
8457,0
73,1
6286,1
1493,1
5416,1
8335,0
8035,1
5779,1
3001,1
7918,0
462,0
5883,0
6227,0
4740,1
5508,0
8811,0
7231,0
6982,1
7335,0
8221,1
5434,0
4679,0
4926,0
739,1
6732,0
8481,0
823,0
4763,0
4437,0
7861,1
5067,0
2328,1
75,1
3791,1
7845,1
1369,1
4328,1
194,1
3603,1
6833,0
7046,1
5082,0
6706,0
5207,1
7397,0
1621,1
8431,1
5757,0
511,0
5914,1
1531,0
2894,1
1134,0
4420,0
1301,1
2370,0
4519,0
8836,0
1595,1
3538,0
8389,1
6031,0
8659,1
4238,0
5968,1
3565,1
8014,1
4807,1
7101,1
4288,0
320,1
6310,0
5028,0
5227,0
7464,1
1154,0
438,0
7608,0
7092,1
6191,1
3331,1
3086,1
5561,0
6807,1
2905,0
8869,1
284,1
3030,1
2867,0
7981,0
683,0
5152,0
2687,0
3664,0
4258,1
63,0
3098,0
6605,0
1401,0
6947,1
8351,1
6119,0
2214,1
4666,1
4542,0
4784,1
4324,1
3079,0
6619,0
5073,1
1270,1
637,0
6392,1
8706,1
1356,1
8421,1
2802,1
5502,0
6816,1
1219,1
4695,0
8515,0
3869,0
1450,1
880,1
6180,0
3954,1
2788,0
6062,1
5738,0
4284,0
3739,1
3364,1
3521,0
5266,0
8736,0
2714,1
1280,1
5533,0
6495,0
8259,0
7641,0
2035,1
4253,0
1747,1
125,0
5839,1
7127,0
799,1
6529,0
1522,0
2956,1
8800,0
6385,0
1047,0
270,1
8582,0
342,0
6266,1
2259,1
3886,0
4798,0
7639,0
8670,1
3520,0
1753,0
1402,1
8096,1
6677,1
319,0
350,0
7266,0
5721,0
2681,0
4842,0
2885,0
3160,0
1295,0
1272,1
4010,1
482,0
5954,1
8061,1
5621,1
7436,0
3717,1
1390,0
4377,1
315,1
2559,1
2460,0
6715,0
8026,0
4761,0
947,0
573,0
1642,0
2774,0
5870,0
5370,1
5141,0
6016,1
7587,1
7132,0
8713,0
1520,0
2708,0
6942,0
4101,1
1966,0
7061,0
1762,0
7700,1
2959,1
7145,1
3980,1
1506,1
7750,0
6513,1
4939,0
5196,0
5653,0
8267,1
1649,1
2347,1
1804,0
6736,1
4755,0
8115,1
521,0
2206,1
3530,0
7174,0
4341,1
1223,1
7853,0
10,1
5270,0
4920,1
7292,0
2873,0
1271,0
1197,1
2747,1
3124,0
1292,1
6145,1
790,0
8745,0
5085,0
2633,0
4291,0
3073,1
7452,1
5616,0
8134,1
1927,0
289,1
3385,0
749,1
8191,1
4870,0
8275,1
6582,1
3626,1
7909,0
2855,0
661,1
1656,0
2582,1
4879,1
7767,0
7424,0
5199,0
8476,0
7747,1
720,0
1612,1
3878,1
4912,1
7203,1
4424,0
827,1
1002,1
2933,0
4750,0
8164,0
2538,0
7710,0
4911,1
6503,1
2131,0
8181,1
6609,0
3578,0
4859,0
8184,0
1712,0
1403,0
3434,1
8483,1
1003,0
5425,0
2783,0
8081,0
4031,1
5236,1
603,0
6940,0
4895,1
6919,1
6882,1
7443,1
5612,1
8437,1
6022,0
2219,0
2880,1
225,0
3151,0
1377,0
5902,0
1147,0
3454,0
1014,0
3272,1
8753,0
6632,0
2114,0
2939,1
8814,1
4263,0
6137,0
1847,1
6113,0
5626,0
5366,0
1160,0
5230,1
2998,1
4242,0
8733,1
7119,0
2095,0
1254,0
2486,0
1946,1
6150,0
114,0
6001,1
1832,0
5394,1
7171,0
5223,1
2409,0
446,0
8587,1
5319,0
8559,0
8375,0
2073,1
7735,0
3113,1
3853,1
6520,1
5868,0
7666,0
8631,1
3850,0
2493,0
2292,1
496,0
4919,1
6245,0
108,1
5273,0
2343,1
8158,0
169,1
8188,1
3996,1
7903,0
370,0
136,0
8047,1
4407,0
6524,0
1913,0
5755,0
6721,0
7467,1
5215,1
6749,0
7966,1
6289,1
195,0
3176,0
5527,0
4259,1
3480,0
2237,1
5918,1
2363,0
6620,1
454,0
5005,0
8098,0
3508,0
8853,0
5836,0
2670,0
1987,0
4493,0
4653,1
1353,0
4684,0
8838,1
3022,0
493,0
230,0
5603,0
1715,1
7596,0
5825,0
7656,1
828,1
8818,1
6647,0
1126,1
7740,0
3431,1
2239,1
4971,0
3617,0
4704,0
2824,0
6414,1
3474,0
5847,1
3011,0
7156,1
8876,0
8640,1
2770,1
7959,0
5748,0
3536,1
5002,1
862,0
38,1
2228,0
1518,1
7866,0
957,1
8186,0
128,1
7612,0
4969,0
1738,0
3338,0
5047,0
1635,0
612,0
7191,0
6978,1
7419,1
5943,1
5812,1
789,0
2977,0
4565,1
2911,0
4753,1
2432,0
8604,1
6202,0
4304,1
844,1
3017,1
5296,0
7712,0
808,0
1874,0
475,0
8588,0
8093,0
5213,0
7265,0
6118,0
1455,0
5064,0
8123,0
8316,1
8300,1
5329,0
7840,1
6177,1
2336,0
7179,0
3008,1
965,0
3299,1
8156,1
3052,0
1442,0
7066,1
7062,0
7399,1
755,0
6435,0
6941,1
4951,0
822,1
776,0
6335,1
1125,0
2845,0
3423,1
8208,0
2650,0
1252,1
2762,0
5304,0
1070,1
4580,1
2111,1
8028,0
491,0
8341,1
3851,0
6774,0
57,1
5815,1
1383,0
8121,1
7863,1
2642,1
7027,1
1584,0
7736,1
7255,1
919,0
1898,0
6445,1
1865,0
369,0
6441,0
4548,1
6797,1
3569,1
8665,1
6850,0
243,1
5942,0
4365,0
3799,1
8459,1
2572,0
5769,0
8712,1
8893,1
7230,0
8074,1
7383,0
4018,1
7493,0
78,0
804,1
6943,1
7854,1
5627,1
6500,0
8292,0
6548,0
2772,0
1137,1
4215,1
4497,0
4075,1
6844,0
4756,0
3896,0
7463,1
2879,1
5040,0
6302,0
886,0
1497,1
5837,1
4885,0
695,0
8202,0
4583,0
3848,0
5514,0
2447,0
2171,1
963,0
5396,0
856,1
932,1
8620,1
1752,0
6563,0
7362,0
5667,0
3987,1
4504,1
6037,1
7719,0
5054,0
768,0
773,1
6883,1
5247,0
2898,1
4105,1
187,0
8097,0
826,0
6470,0
8668,1
5666,1
5495,0
1967,0
6610,1
1408,1
2166,1
7516,0
2013,0
5334,0
6962,0
3077,1
5292,1
2951,1
6125,1
167,0
4072,0
2598,0
6525,0
2249,0
5149,0
184,0
8714,0
8725,0
987,0
4896,0
4471,0
5267,1
2365,0
5261,1
1869,1
3574,0
466,0
8766,0
8414,0
6651,0
224,1
6897,0
4984,0
7277,0
1066,0
6827,0
6884,0
3780,1
5760,0
7675,0
4220,0
5325,0
8581,0
50,0
3172,1
4368,0
1695,1
2793,0
7272,0
4167,0
5337,0
8361,0
322,1
529,1
4316,0
1176,1
2439,0
6696,0
3475,0
7356,1
361,0
1149,1
2458,0
1893,0
1303,1
8387,1
815,0
193,0
8420,1
3305,1
8353,1
7869,0
8484,1
6597,1
3337,1
2017,1
6808,1
5638,0
576,0
6915,1
4406,0
2812,1
7851,0
545,0
1140,1
1569,0
2522,1
3393,1
4142,0
1435,0
6818,0
4544,1
2800,1
4404,0
1343,0
7302,1
8285,0
2761,0
7102,0
2754,1
8065,1
6196,0
409,0
8647,0
8154,1
901,0
2922,0
1359,0
8067,1
5511,0
1924,1
3543,0
4567,1
7759,0
2927,0
5808,1
2994,0
8930,0
8294,1
6329,0
8063,1
3629,1
36,0
1111,1
7600,0
7009,0
4803,0
7108,1
6133,1
2701,0
5043,0
8645,0
3287,0
4738,0
8092,1
1347,0
7852,1
1678,1
6698,0
3921,0
6279,0
4723,0
313,0
7772,1
3816,0
7602,0
7405,0
1999,1
1411,0
8597,0
3540,1
3244,0
995,1
5964,0
7333,1
7211,0
1768,1
18,1
6697,0
1081,0
6583,1
1765,0
5813,0
5608,1
535,1
6479,0
2868,0
3381,1
8744,0
8398,0
2682,0
5683,1
7805,1
8008,0
4060,0
1424,0
3196,0
6049,0
3235,0
5946,1
2009,0
2018,1
248,0
7920,0
1669,1
2925,1
5538,0
4531,0
6034,0
7531,1
4816,1
3923,0
7937,0
3940,0
7811,0
3510,1
5659,1
7455,0
8463,1
7315,0
4734,0
8790,0
35,0
3007,1
3959,1
3180,0
6394,0
7692,0
5773,0
8435,0
5278,0
4411,1
5112,0
3974,1
8266,1
3033,0
8360,1
6569,0
2380,0
5306,0
3003,0
5158,0
3942,0
5344,0
1052,1
8145,1
6460,1
5012,0
724,0
5528,0
5542,0
3356,0
8762,1
6205,1
2216,1
7839,0
8756,1
166,0
1686,0
5146,0
2826,1
1679,0
7330,0
5454,0
3367,1
1540,0
5365,1
6954,0
7944,0
2004,1
5851,0
2695,0
1130,0
7968,0
6849,0
436,1
210,1
589,1
3592,1
293,0
7523,0
7243,0
3404,1
4237,0
656,0
5181,0
6204,0
4721,0
7950,1
2032,0
3757,0
4000,0
3833,0
7537,1
3929,1
7992,0
842,0
8284,1
2156,1
4572,0
163,1
5974,1
6881,0
6708,1
7015,0
8100,0
3341,0
1533,1
5774,0
1105,0
597,1
2322,0
1981,1
6570,0
8380,0
5631,0
2297,0
8258,0
6395,0
878,0
5958,1
8048,0
2535,1
6209,1
3746,0
8646,0
8522,1
1289,0
2516,1
8749,1
7598,1
1439,0
657,0
7246,0
1534,0
3432,1
309,1
538,0
6842,0
7748,1
5506,1
5522,0
5491,1
5818,0
8910,1
4913,1
217,0
4042,0
8586,1
3084,0
4185,1
7795,1
5120,1
1718,0
2500,0
7217,1
4714,1
1200,0
6854,0
7457,1
1509,0
655,0
6252,0
124,1
3669,1
7434,0
8428,1
7623,0
2935,0
2510,0
44,0
7790,1
1025,0
8410,0
5448,1
3970,0
5620,1
2728,1
4686,1
2843,1
723,1
3293,1
6655,1
7403,0
4720,0
4950,1
4689,0
4780,0
6589,0
5619,0
109,1
4664,1
2700,0
7502,0
6100,0
46,0
45,0
2420,0
5846,0
5274,0
5717,1
3161,1
15,0
3890,1
202,1
3430,0
3190,0
5501,0
4339,0
2133,1
3060,1
8489,0
1559,1
3248,1
5443,1
3863,0
8002,1
5029,0
7597,0
974,0
8553,1
1675,0
3479,0
2949,0
3917,1
7957,0
4227,0
1703,1
8761,1
4083,1
6431,0
8031,0
5489,0
5135,1
4280,0
8815,1
6041,1
1807,0
6967,0
8654,1
4026,0
6834,1
272,1
8043,1
701,1
1487,1
2056,0
735,0
8794,1
7621,1
6916,1
3058,1
6519,0
2781,1
1959,0
177,0
5545,0
3981,0
1086,0
6087,1
2389,0
4590,1
6415,1
3029,0
952,0
3332,0
6278,1
7534,0
1026,0
7993,1
1059,1
6745,1
2354,1
8758,0
292,0
6684,1
654,0
7475,0
132,1
1019,0
7569,0
7778,0
2644,0
332,1
5908,1
5881,0
943,0
8385,0
1858,0
5644,0
5995,1
1479,0
238,1
2325,0
1980,1
2987,1
1746,1
7024,1
5310,1
8052,1
4113,1
6036,0
495,1
2445,1
1483,1
54,1
6006,1
2870,0
8914,0
8136,0
1098,0
4315,0
5639,0
3339,1
7665,0
4228,0
1770,0
8681,1
2796,1
7935,1
5439,1
3139,1
4126,1
394,1
6643,1
4221,0
899,0
265,0
8592,0
6407,0
3208,1
5840,0
6739,1
4578,0
3130,0
7571,1
1410,0
1342,0
7268,1
5090,0
6482,0
7831,1
3519,0
976,0
3555,0
6992,0
4379,0
3831,0
1640,0
294,0
5993,0
5436,0
4478,0
3012,1
5438,0
5728,1
1039,0
1588,0
4279,1
1791,1
1845,1
8653,0
4582,0
7556,0
5453,0
7576,0
2443,1
1279,1
3206,0
4446,1
2190,0
4810,0
1438,0
6154,1
8296,0
1481,1
3591,0
7607,1
3269,0
8254,0
6777,0
7997,0
8697,0
8133,1
6326,0
5231,0
3504,0
5080,1
5188,1
1936,1
6420,0
775,0
7847,0
6792,1
1437,0
365,0
5819,0
4371,1
4632,0
1464,0
4439,1
7395,1
4266,1
7422,1
5979,1
1983,1
5362,1
4701,1
6539,0
3597,1
2266,0
7548,1
3672,0
7123,0
6595,0
4441,1
1549,1
6617,0
2103,1
6143,0
5730,1
2180,1
587,1
811,0
327,1
8710,0
2545,1
2294,0
4722,0
3045,1
5237,1
8000,0
8001,0
4864,0
72,1
6568,1
1888,1
3979,0
4844,0
3595,1
1644,0
5214,0
7183,1
1358,0
2638,1
4840,0
1625,0
8704,1
4766,0
8863,0
1076,0
7513,1
4412,0
2551,0
972,1
2397,1
5414,1
3992,0
606,0
5543,0
2213,0
4419,1
3010,1
3318,0
2604,0
5001,0
7658,1
3027,0
6391,0
4344,0
4088,0
3375,0
509,0
8242,0
6416,0
1251,0
5771,1
748,1
8542,0
2243,1
4430,0
4265,1
7049,0
2031,1
4691,1
8690,1
763,0
3242,0
7054,1
470,1
840,1
6489,0
2044,0
3641,1
4883,0
2601,0
103,1
5945,0
2069,0
3181,0
1710,1
2906,0
28,0
1526,0
7423,0
8198,0
4055,1
3732,0
1580,0
7345,1
6601,0
8279,1
1008,0
1143,0
754,1
8348,0
8308,0
1882,0
5123,0
6723,0
729,0
7679,0
6587,1
7963,0
1471,0
3425,1
3727,1
6888,0
3611,0
2624,0
8623,0
4380,0
3392,1
2658,0
410,1
6068,1
2567,0
1249,1
2971,0
907,0
6938,0
4728,0
7410,0
902,0
1870,0
722,1
80,1
137,1
636,0
8159,0
2211,1
8769,0
2349,1
6980,0
5161,0
5322,0
1050,0
6562,1
3238,0
6672,1
795,0
8883,1
820,0
617,1
8494,0
7670,0
6019,1
4330,0
3476,0
6727,1
4929,0
2272,0
4711,0
1578,1
5583,0
7121,0
8472,0
5099,1
6907,0
4884,0
3036,1
2722,1
7020,1
997,1
8740,0
2082,0
5323,1
6182,0
7398,0
653,0
6990,1
3706,1
7994,0
7376,1
716,0
8433,1
2743,0
3006,0
3405,1
3114,0
2014,0
5022,0
2060,0
8872,0
1348,0
2414,0
5340,0
5842,1
5889,0
1978,1
4201,0
2170,0
271,1
1040,1
8919,1
4309,0
1863,0
1597,0
5982,0
1057,0
7782,0
360,0
3096,0
5049,0
2712,1
2649,0
2240,1
4028,0
8261,1
8558,0
391,1
346,0
7962,1
8252,0
2373,1
112,1
1276,1
5794,0
2854,1
2178,0
8209,1
6367,0
8577,1
3859,1
2019,1
8033,0
8595,0
8015,0
7444,0
8906,1
5116,0
7158,0
4564,1
3419,0
3967,0
1880,0
6067,0
3882,0
8291,0
1364,1
2125,0
5258,0
7148,1
6432,1
7551,1
3529,0
8699,0
6292,0
388,1
5269,0
7653,0
8882,1
4163,1
4461,0
490,1
1309,1
5544,0
3503,0
2453,0
7754,0
7195,1
6626,1
151,0
7557,0
4438,1
7522,1
7002,0
6072,0
2165,0
5053,0
6170,0
6713,1
7075,0
1933,1
5553,0
5226,1
2183,1
7620,1
1373,0
6386,0
8142,0
2576,1
2918,0
5677,0
7667,0
4397,0
6787,0
852,0
1368,0
2134,0
1326,0
4378,0
2818,0
5891,1
4465,1
367,0
6527,1
629,0
1885,1
8412,0
3572,1
6889,0
7947,0
6695,0
2290,0
5788,1
1337,0
2497,0
414,1
4426,1
6717,0
5532,0
5678,0
884,1
3533,1
2011,0
2580,0
4463,0
5488,0
1565,0
8787,0
6362,1
1486,1
4559,0
3693,0
4494,1
7180,0
253,0
7470,0
7841,0
569,1
1754,0
7259,0
7820,0
4596,0
5928,0
3803,0
937,0
6439,0
1199,0
7606,0
7378,0
5673,0
6995,0
5595,0
5300,1
7465,1
1123,0
8896,0
1183,1
5430,1
6256,0
5459,1
1904,1
234,0
8473,0
2001,0
2184,1
5131,0
7792,0
5977,0
3026,0
6766,0
4660,0
4416,0
6668,0
2346,0
397,1
1240,0
8247,1
961,1
6633,1
676,1
7877,0
8512,1
4476,0
5704,1
7988,1
3876,1
7283,1
5636,0
5690,0
620,0
4247,0
585,0
5625,0
4409,1
8426,0
2117,0
2636,0
4563,0
5339,1
6193,0
953,0
1175,0
5938,1
5676,0
2468,1
896,1
1867,1
6024,0
5660,1
8327,0
5864,1
3537,0
7316,0
2207,0
68,0
3698,1
940,1
6139,0
2659,1
6233,0
2203,1
2198,0
2617,1
7458,1
8772,1
7370,0
1062,0
3961,1
5592,0
6304,0
2874,0
1298,0
1452,1
4241,1
544,1
4091,0
1960,1
1334,0
3909,1
2367,0
5591,0
4255,0
5133,0
6847,1
4488,0
5737,0
8734,0
3374,0
6163,0
8778,0
279,0
14,0
1723,1
8831,1
1453,0
3249,1
3116,1
4777,1
2159,1
5984,0
8036,1
2910,0
3892,1
1713,0
3317,0
257,0
3541,0
4737,0
3820,0
2499,0
2339,1
6830,1
7367,0
3516,0
1808,0
5649,1
3210,1
8125,1
1109,0
4513,1
5312,0
1653,0
6700,1
8357,0
6321,0
3950,0
8354,0
647,1
5507,0
710,0
3836,0
853,0
5060,0
3125,1
4350,0
7760,0
5853,0
3646,1
1909,0
4460,0
3461,1
1945,1
141,0
5221,0
5026,0
4008,1
3343,0
4806,1
3009,1
6018,0
7588,0
2392,0
473,0
8757,1
5102,1
8487,1
5195,0
744,1
2909,1
1336,0
2635,1
8573,1
1698,1
7985,0
3187,0
337,1
3545,0
2561,0
2975,1
3505,0
930,1
3915,0
2668,0
1513,1
3212,1
3834,0
5321,0
8698,1
8023,0
746,1
3785,1
4361,0
7380,1
527,0
8091,1
1490,1
6886,0
5897,0
941,0
7707,0
6591,1
222,1
4708,0
505,0
2626,0
1622,1
2320,0
3388,1
7575,0
7448,0
5822,1
7764,0
8720,0
6859,1
6902,0
2928,0
4149,0
2003,1
8816,0
1444,0
5801,1
3072,1
605,0
7638,1
5253,1
7471,0
1153,0
5314,0
1958,1
8637,0
1623,0
7271,1
5407,1
4073,1
865,1
8004,0
1354,1
5342,0
5332,1
2241,0
8837,0
3415,1
4331,1
708,1
2519,0
7280,1
8416,0
3143,0
5426,1
8804,0
8150,0
3451,0
928,1
2587,0
5057,0
900,1
5384,0
6987,0
1228,0
5637,1
7387,1
7691,0
8933,0
121,0
8879,0
6649,0
2264,1
1092,1
7514,0
2527,0
4872,1
6078,0
4199,0
2813,0
6056,0
2391,0
8848,0
4922,1
8444,0
4251,0
893,0
3636,0
6248,1
3998,1
5437,0
1274,0
5262,0
158,1
5081,0
3587,1
561,0
967,1
3879,0
7784,0
4953,1
5536,1
4654,0
2741,0
1063,0
6521,1
3630,1
1459,0
4834,0
5722,1
3353,1
4554,1
5020,1
838,1
5011,1
2260,0
6007,0
1764,0
7663,1
2310,0
6014,0
4802,0
622,1
8641,0
1132,0
5672,0
2026,0
146,1
5477,0
6404,0
5245,0
2707,1
4495,1
4958,1
537,1
2246,0
1917,0
1275,0
1830,0
7887,1
5904,0
4570,1
5970,0
1434,1
690,0
3837,1
8397,1
3788,1
246,0
5548,1
1932,0
8730,0
777,0
3467,1
4846,0
6236,1
765,1
5680,1
348,1
5409,1
3306,0
955,0
4910,0
1404,0
5110,1
1482,0
8520,0
8722,0
5778,0
912,0
6228,0
1899,0
94,1
7,0
1396,1
4526,0
1919,0
8658,1
6999,0
4484,0
3750,0
1327,0
100,1
7979,0
4709,0
5820,0
5727,1
1657,0
8346,0
4577,0
7651,0
4467,0
413,1
2755,0
1905,0
1144,0
3993,1
8080,1
8032,0
6725,0
915,0
2456,1
7506,0
2547,1
6971,0
3522,0
1794,1
2632,0
1508,0
3885,0
8519,1
3806,0
5307,0
1511,0
4898,1
5467,0
126,1
7572,0
8480,1
5841,0
6983,1
8776,0
8206,0
5185,0
3715,1
4500,0
887,0
1575,1
7105,1
1480,0
2342,0
7807,0
4204,0
8807,0
1538,0
6681,0
8213,1
3825,1
2984,0
8764,0
833,0
8151,1
1740,1
2334,1
702,1
7856,1
2716,0
123,0
8751,0
1020,1
8580,1
6285,0
8898,0
4906,0
4329,1
1247,0
2595,1
1256,1
6930,0
6152,0
5217,0
6576,0
2143,0
3752,0
8187,0
6666,1
6055,1
6379,0
280,1
3484,1
5109,1
2590,0
5280,0
2428,1
8347,0
373,1
5479,0
2921,0
3973,1
3768,1
8393,0
3373,1
3687,0
450,1
172,0
6219,1
3020,1
1226,0
6485,1
8922,0
3354,0
4982,1
2401,1
497,0
3473,0
6667,1
4065,0
8105,0
541,0
5107,0
6283,1
923,1
1007,0
787,1
400,0
5164,0
1655,1
582,0
7969,1
4614,0
2759,0
948,0
6462,0
4558,1
8926,0
182,1
3032,0
1793,0
2878,0
4732,0
1261,0
8185,1
719,1
942,0
818,0
519,0
6640,1
6567,0
2641,0
6453,0
5743,0
4188,1
1861,0
4313,1
1758,1
2541,1
5952,0
1108,1
228,1
6993,1
3147,1
5251,0
1195,0
4932,0
1000,0
4817,1
4783,1
6141,1
5015,1
2810,0
5496,0
5422,1
1965,0
5700,1
6234,0
4742,1
2007,1
8775,1
3949,1
1586,0
7237,1
5732,1
6418,0
3614,0
8112,1
3500,0
2369,1
3873,1
8041,1
2298,1
7256,0
1170,0
3939,0
7416,1
4637,0
8447,0
5328,1
4527,0
3227,1
8337,1
8657,0
8678,1
6912,0
1074,0
7192,1
4833,0
5469,0
122,0
1255,0
1849,0
609,0
5136,0
734,1
6927,1
3214,1
4268,1
2280,1
8238,1
3758,1
7011,0
6790,1
8013,0
3817,0
5901,1
291,1
8629,0
2787,0
5575,0
8593,0
6242,0
577,1
4431,0
2436,1
781,1
235,0
4669,1
8868,0
3152,0
1914,1
4545,0
2979,0
2904,0
88,1
7815,1
2258,0
975,1
594,1
1627,1
3470,1
8469,0
2877,0
608,0
6810,0
7619,1
6748,0
6932,0
8798,1
5167,1
2530,0
8224,0
5585,1
4076,0
6937,0
2611,1
4481,0
5442,0
6549,1
7318,0
3140,0
877,0
343,0
3038,0
1118,0
3609,1
1907,1
876,0
3136,1
6660,1
5519,0
5276,1
5289,0
3941,0
3365,0
2727,0
8104,0
8425,1
7813,0
8253,0
1519,1
7186,0
1716,1
7615,0
6398,0
992,0
6361,1
8601,1
8685,1
5233,0
7808,0
2846,0
3734,0
7388,0
5898,1
3389,0
7076,0
1049,0
522,1
1690,0
8941,0
2187,1
3426,1
4823,1
8050,0
1666,0
4364,1
2262,0
5911,0
4154,0
1683,1
2534,1
3926,0
8,1
4389,1
2835,1
7509,0
2330,0
7818,1
2450,1
5803,0
1313,0
4358,0
8948,1
3062,1
1652,1
2466,1
8536,1
7404,0
5308,0
4692,1
8111,0
6783,0
7358,0
2996,0
5581,0
557,0
5359,1
984,0
806,1
8892,0
6628,1
693,0
1196,1
951,0
3071,0
7347,0
1555,1
5843,0
2386,0
5046,1
6096,0
5574,0
2015,0
7045,0
858,0
6255,1
7420,0
7311,1
1394,0
1165,0
2862,1
5117,1
8260,1
3489,0
5892,0
4773,0
5693,0
3602,1
311,0
3110,1
2045,0
1848,0
1345,0
4986,0
7490,0
6237,1
6770,0
3579,1
6013,1
99,0
6772,0
7972,1
204,1
3153,1
4905,1
7975,1
1560,1
7674,0
3255,0
5933,0
239,0
1592,1
6875,0
4508,1
8680,0
6316,1
8271,0
92,0
3044,0
6691,0
4195,0
6229,0
1217,0
4326,1
4557,0
1868,0
6474,0
8726,0
5096,0
5806,1
7343,1
7003,0
8479,0
5652,1
3893,0
8562,1
7462,1
6867,0
1141,1
3678,0
3805,0
8739,1
4034,0
2025,1
6658,0
4487,1
1854,1
4248,1
8227,1
4672,0
33,0
7372,0
140,0
6135,1
5435,0
782,0
7832,1
2066,0
5151,0
7032,1
3789,1
7000,0
3648,1
4078,1
1610,1
4923,0
3253,0
4213,0
4081,0
1514,0
7931,1
5947,1
2091,1
5440,0
461,0
4658,0
2542,1
480,0
2667,0
1204,0
5829,0
2968,1
4869,0
6480,1
7504,0
1028,1
3280,0
7763,0
4429,1
1728,0
29,1
5463,0
673,0
4239,1
2887,0
4489,1
4702,1
3631,0
4212,0
986,1
5357,0
2418,0
3386,0
1391,0
6269,0
4022,1
8561,0
3748,0
164,0
3198,1
1810,1
2838,0
3517,0
678,1
149,1
3839,0
2751,1
562,0
3157,0
6885,1
23,0
4459,1
4200,0
8423,0
8583,0
956,0
6988,0
1955,1
4033,0
1302,1
4974,0
4727,0
6183,0
4769,1
4347,0
7734,1
1651,0
7189,0
2597,0
47,0
3625,0
3895,1
7036,0
4387,1
8548,0
6809,0
5494,0
3133,1
2841,1
2408,1
5927,1
305,0
711,0
3585,0
4758,1
6979,0
7056,0
5336,0
2666,0
6924,0
2323,0
3700,0
5285,1
6599,1
2720,1
563,1
5173,0
4700,0
1107,0
5385,0
7543,0
3041,1
3450,1
2087,0
1339,0
805,0
2954,1
1192,1
1760,0
6879,0
3911,0
8432,0
8263,0
40,1
8461,0
1772,0
7253,1
3808,0
817,1
558,0
1307,1
1333,0
6147,0
6254,0
5017,1
4084,0
4752,1
6047,1
7766,0
7886,0
4584,0
4598,0
3900,1
6176,1
7821,0
6496,1
3633,0
1876,0
6045,1
6452,1
4855,0
2364,1
3778,0
442,0
1340,1
6892,0
8797,0
1233,0
1553,1
803,0
1173,1
1735,1
7540,1
2204,1
1819,0
2506,0
5402,0
909,1
5272,0
5929,1
3111,1
8870,0
1739,1
3571,1
7875,1
8460,0
4369,1
7958,0
1674,0
4528,0
1372,0
1970,0
3552,0
4586,0
1500,1
1543,1
387,1
2286,1
8949,1
3446,1
709,0
1033,1
3619,1
1041,1
6264,0
7320,0
7547,1
1937,1
6650,0
7089,1
4785,0
2941,0
7429,0
3069,0
6107,0
6057,1
3395,0
1887,0
3906,0
7154,0
2607,1
6222,1
8524,1
6003,1
2167,1
6532,0
6865,0
1632,1
2753,0
1532,1
1304,1
6282,0
2834,1
7859,0
2245,1
4744,0
3289,1
4051,1
3982,1
4150,0
8718,1
8881,0
7317,0
6554,1
6538,0
2464,0
7728,1
6680,0
3988,0
2643,0
7031,1
1556,0
4067,0
4229,1
2785,0
7914,0
4232,0
1891,0
2514,0
1220,0
286,1
5703,0
5094,0
2054,0
4827,0
251,0
7084,1
1001,1
8046,1
8434,0
4108,1
4077,0
2084,1
3371,1
671,0
2446,1
3131,0
1872,1
1732,0
1658,1
3761,1
1236,1
1496,1
7043,0
5084,1
421,1
2972,0
1056,1
5699,1
5113,0
2734,1
5830,0
4169,0
198,1
2000,0
4791,0
6136,1
7825,0
1846,0
8552,0
7141,1
824,1
8321,0
5925,1
3616,1
2174,0
2341,0
960,1
3453,1
2852,0
5747,1
7921,1
8452,0
4970,0
1253,0
1790,0
6157,1
8269,0
1489,0
5781,1
6181,0
3701,0
5810,0
1581,1
5063,1
3273,1
465,0
4793,0
4218,1
390,1
7295,0
1457,1
4927,1
6572,0
1953,0
5050,0
3068,0
4252,1
1440,1
7868,0
1021,1
4183,0
5037,0
5070,1
6968,1
7151,0
1539,0
1449,0
6871,0
2613,1
7741,0
8409,0
7060,0
5674,1
2844,0
59,1
5714,0
1911,0
2958,1
1484,0
7499,0
4005,0
1529,0
8569,1
1507,0
2096,0
173,1
8076,1
1673,0
6341,1
2092,1
7273,0
6795,0
6837,0
7898,0
4310,0
8632,0
5244,0
6428,0
7210,0
6190,0
6492,0
2550,0
5662,0
4790,0
2473,0
7699,1
1051,1
1682,0
19,0
611,0
4153,1
1809,0
2384,0
7800,0
4571,0
5021,1
7040,0
1492,0
895,0
5834,0
6288,0
1349,0
979,0
6785,0
5386,0
4682,0
1976,0
7153,0
924,1
6759,0
4865,0
5383,0
2315,1
2371,0
8544,0
8110,1
6579,1
7059,0
2273,1
2,0
8880,0
7688,1
2915,1
1523,1
7014,1
6556,0
4059,0
1257,0
396,0
1777,1
1811,0
7999,1
3562,0
2173,1
4233,0
5129,1
796,0
1174,0
3589,1
3427,0
3117,0
3102,0
4147,0
104,0
1897,1
3513,1
6032,0
8825,0
677,0
2875,0
990,0
5772,1
5865,0
1425,0
4182,1
143,0
7247,0
1283,1
424,1
4626,1
1314,0
4093,1
5521,0
4161,1
502,0
7325,1
304,0
6603,0
2257,1
1068,0
600,0
3335,1
5691,0
5159,0
5192,0
8606,0
2107,0
4800,1
4301,0
3399,0
3261,0
6856,0
7776,0
1323,1
2858,0
6740,0
774,0
4749,1
5546,1
7473,0
6963,1
1693,1
1088,1
6294,0
2093,0
2427,1
2293,0
1376,1
5852,0
3692,0
7168,0
2864,0
7929,0
1685,1
4455,0
4469,0
5893,1
5651,1
1027,0
2161,1
4832,0
2057,0
8427,0
3860,0
1013,0
593,1
6094,0
2999,0
5139,0
547,1
6507,1
5564,1
3165,0
85,0
2672,0
1413,1
6653,1
8085,1
2791,0
8003,1
3241,0
7895,0
1645,1
7146,1
1605,1
7640,1
8633,1
2797,0
1583,1
498,1
3966,1
460,0
4770,0
6718,1
3634,0
4902,1
4776,0
5570,0
7323,0
6638,1
4262,0
7774,1
2176,0
4759,0
245,0
7723,0
5671,1
6657,1
1542,0
6206,1
5061,1
5963,1
6955,1
4925,1
455,0
6188,1
345,0
6716,1
4444,0
1133,1
3232,0
3401,1
8575,0
6213,0
740,0
7965,1
5335,0
3772,0
3965,0
3845,1
7589,1
440,1
7771,1
26,1
2588,0
8932,0
4873,0
5160,1
8406,0
4994,1
1032,0
7402,0
3286,0
2602,0
2839,0
427,1
8564,1
5601,0
6762,1
625,0
4403,0
6021,0
2437,1
7497,0
2043,1
6296,1
2022,0
8803,0
2317,0
31,0
5566,1
6413,0
325,0
7881,0
7603,0
5708,0
4421,1
3598,0
3047,1
3347,0
6972,0
7103,0
5744,0
3872,0
5246,1
6438,0
8801,0
1733,0
6325,0
7115,1
680,1
6805,1
4588,1
4131,0
3666,1
3081,0
1264,1
3827,1
4191,1
4222,0
861,1
1789,0
135,0
260,0
4410,1
4470,0
1106,0
8332,0
839,1
5941,1
7652,0
6674,0
2591,0
3756,0
8612,1
5623,1
6425,0
333,1
1308,1
8518,0
904,0
3412,0
3623,1
5849,0
5923,1
6168,0
2234,1
6553,1
4499,1
4264,1
6368,1
7704,0
6909,1
7777,0
2804,0
8016,0
5031,0
4522,1
6689,0
6648,1
4355,1
8165,0
8277,0
4640,0
7816,0
2936,1
752,0
6212,1
2709,0
2416,0
8178,1
5457,0
3471,0
484,0
5694,0
7109,0
2775,0
8218,1
2067,0
197,0
3400,0
2790,0
5784,0
5150,0
1852,0
4945,1
4408,0
8200,1
2596,1
4931,1
281,1
7565,0
4342,1
575,0
2202,0
4868,0
7536,0
1150,0
4502,1
3107,1
4019,0
1351,0
588,1
7478,0
5711,0
3171,0
5356,0
4095,0
2196,1
5643,0
8090,0
8498,1
6555,0
5983,0
5410,0
8507,1
7017,1
8400,0
209,0
7369,0
7425,0
79,0
7720,1
6685,0
5565,1
3184,0
3024,1
905,0
3037,1
7050,1
2224,1
8373,0
8732,0
8037,0
950,1
7287,1
7563,0
732,0
3527,0
12,0
615,1
6528,1
8344,0
8116,1
8089,0
4717,0
7843,0
5200,0
4457,0
5997,1
3025,0
6760,0
1235,1
7289,1
6356,0
1227,0
6799,0
5669,1
5184,1
4591,1
1152,1
6839,1
6637,0
7136,0
713,1
848,1
4636,0
1159,1
4943,1
2108,0
5826,0
4245,0
2896,0
6437,1
3420,1
2960,0
2415,0
3770,0
7124,1
1795,1
3274,1
3898,0
8140,1
2267,0
5764,1
528,0
8274,1
8162,0
2934,0
4275,0
2321,0
6625,1
8244,1
3118,1
3411,1
3406,0
70,0
4651,1
5975,0
698,0
8537,1
4980,0
892,0
664,1
7986,0
8345,0
8909,1
3501,0
5121,0
1547,1
5313,1
2512,0
3684,1
700,0
3013,0
1473,0
6869,0
7304,0
8843,0
772,0
3216,1
3952,0
5234,0
6166,1
1470,0
5460,0
8634,0
2440,0
851,1
2735,1
6476,0
590,0
1825,0
298,1
7971,0
1579,1
3199,1
2077,1
4760,0
4617,1
3246,0
506,0
5599,1
8809,1
1602,0
8383,0
7218,1
7164,0
2090,0
6247,1
3145,0
7137,0
170,1
4427,1
6419,0
7873,0
5358,0
5903,0
2424,0
300,0
3142,1
5617,0
6306,0
4900,0
7407,0
3620,1
5682,0
4619,0
4593,0
8020,0
7917,1
1169,0
7098,1
2736,1
8088,1
8220,0
3442,0
4172,0
7632,1
1943,0
5393,0
5828,0
7680,0
6607,1
2089,0
2359,1
630,1
1840,1
7214,0
6631,0
4353,1
5092,0
3352,0
6710,0
8923,0
8465,0
5869,1
5198,0
2827,0
3304,0
8871,1
5419,1
2926,0
1942,0
8945,1
4136,0
1142,1
8808,1
813,1
5392,1
4656,1
6377,0
4993,1
4442,1
6053,0
8152,0
5395,0
150,0
969,0
3492,0
2194,0
4978,0
825,0
7546,0
8693,1
4977,0
8009,1
1166,1
398,1
5539,0
6551,1
5556,1
4480,1
3935,1
2113,1
1689,0
86,1
5484,0
8556,0
4644,1
1606,0
6093,1
3708,1
3824,0
6251,0
2101,1
6920,0
5696,1
6026,1
5033,0
646,0
255,1
5750,0
171,1
237,0
156,1
3390,1
2148,1
6449,1
1701,1
2648,0
5157,1
8886,1
8282,1
8812,1
6741,0
7454,0
3843,0
3989,0
5318,1
7867,0
2726,1
6397,0
7205,1
6069,1
4202,1
5670,0
6231,0
1577,1
1707,1
3888,0
6020,0
7783,0
2459,1
4655,0
3177,1
1665,0
7110,1
2065,0
867,0
8248,0
4236,1
725,1
3382,1
2923,0
7306,0
7373,0
5775,1
1994,1
5118,0
5104,1
7960,0
2478,0
7363,0
2049,0
8171,1
4645,0
7662,1
4082,0
3175,0
7216,1
6378,0
7239,1
7949,0
1162,1
3567,1
5571,0
7199,0
205,1
7270,1
3333,1
8169,1
4809,0
2684,1
420,1
4064,1
4219,1
4428,1
2285,0
2175,0
6408,1
8940,1
7326,1
2863,0
5987,1
2938,1
2693,0
6343,1
3330,0
1916,1
1993,1
25,0
1229,1
7432,0
4375,0
7135,0
2487,1
3319,0
635,0
533,0
5777,1
5178,0
2421,0
3655,0
4623,1
5590,1
5025,1
2560,0
8649,0
3243,1
927,0
1045,0
7360,1
5331,0
1541,1
8304,1
7716,0
5799,0
4156,0
906,0
8436,0
2557,0
7756,0
7500,1
6761,0
3046,1
7447,1
5734,1
6801,0
3408,0
8211,0
2160,1
4483,0
4592,0
4893,0
3394,0
5776,1
1590,0
3635,1
4812,1
4240,0
6903,0
6906,0
4976,0
8203,0
6868,0
7063,0
792,1
4143,0
5604,0
5355,1
3640,0
2270,0
5279,0
449,0
3930,1
1501,1
1934,1
5845,0
1,1
2509,1
5036,1
4053,0
8072,0
8624,0
6901,0
4038,0
7952,0
5523,1
6406,1
3345,1
1779,1
4716,1
5309,0
7702,0
7951,0
7684,1
1073,0
7880,0
6039,0
8270,0
7885,0
1599,1
1736,0
5187,0
5635,1
6517,1
5211,0
6944,0
3856,1
8471,0
8359,0
866,0
7742,0
6880,0
3222,1
4680,1
6040,0
7241,0
3048,0
4306,0
4963,0
1352,1
1697,0
5048,1
359,0
4789,1
2199,0
7365,0
8132,0
6561,0
3683,1
2248,0
6794,1
6280,0
7309,1
8925,0
3191,0
8899,0
4492,1
8560,1
8083,1
5740,1
8900,0
631,0
7408,0
4308,0
8607,0
4799,0
2837,0
5922,0
8664,1
3359,0
6131,0
2356,0
2882,0
8418,1
127,1
2301,0
3049,0
4119,0
8382,1
4724,0
1004,1
3163,1
3166,0
3433,1
267,1
8276,1
4794,0
2329,0
3219,0
998,1
7765,0
354,1
6,0
2435,0
4295,0
5605,1
2660,1
1129,0
1814,1
56,1
2492,0
5408,1
7377,1
4363,1
1571,0
308,0
2505,1
1664,0
4168,0
7042,0
8396,1
616,0
3197,1
6768,0
1079,1
5062,1
3703,0
5228,1
1420,0
4509,0
7177,1
5254,1
6949,0
7625,1
6066,1
6731,0
6429,1
8419,0
4087,1
2083,0
1446,1
1705,1
2639,1
5259,0
3606,1
3218,0
3576,0
807,0
3254,1
5874,0
4673,1
4002,1
7251,1
8101,1
6201,0
6682,0
5256,1
7430,1
5476,0
6240,0
6372,0
3310,0
6921,0
3557,0
6841,1
6872,0
7352,0
1080,0
5072,1
8352,0
1448,1
1842,1
983,1
6478,0
223,0
5910,1
3002,0
8826,0
1265,1
4819,0
3811,1
2147,0
6756,1
5557,1
3063,1
6226,1
7348,0
7562,1
8467,1
703,0
6009,0
8667,1
5100,1
4159,0
382,0
5493,0
3826,1
4277,1
8317,1
726,0
1258,0
5066,1
6935,1
52,0
4838,1
1614,1
334,1
4398,0
6230,0
8530,0
3384,0
5052,1
6654,0
368,0
152,1
6621,1
7519,1
3696,1
8130,1
738,1
7714,0
1729,1
8342,0
191,1
6644,0
2140,1
2030,0
614,0
507,1
8655,1
8877,1
1750,0
17,1
7411,0
6702,1
7768,0
4278,0
8821,1
5762,1
2647,0
6861,0
5405,0
5613,1
3560,0
7706,0
8068,1
6771,0
4176,1
5478,0
1801,0
1941,0
7586,0
4804,0
3977,1
1587,0
4503,1
8464,1
894,1
4225,1
5624,1
7708,0
8051,1
380,1
6246,0
4648,0
5589,1
6051,0
3628,1
2556,0
8517,1
697,1
2488,1
7361,1
4757,0
5811,1
6976,0
3088,1
8729,0
8671,1
925,0
220,1
1419,1
1702,0
5201,1
8470,0
6964,1
1311,1
2566,0
2396,0
7527,0
2763,0
2181,0
3637,1
715,1
3867,0
6693,1
8543,1
3078,0
6773,0
8572,0
6498,1
1820,0
2856,0
5615,0
3947,0
7731,0
6862,0
1232,1
3515,0
4818,0
5206,1
8585,1
8689,1
6109,1
6369,0
1879,1
8832,0
393,0
4362,0
1771,1
4600,0
7118,0
524,0
7545,1
6463,0
6384,0
3051,1
4217,0
5078,1
2981,0
1451,1
7744,1
2482,1
3192,0
8514,0
5887,0
5125,0
6744,1
7209,0
1873,1
3905,0
5709,1
6044,0
7172,1
2711,1
6272,1
6728,0
7770,1
3379,1
2605,0
11,0
4432,0
2074,1
7291,1
1676,0
2385,1
4866,0
8506,0
1112,1
2120,0
1510,0
429,0
8531,1
7346,0
3677,1
554,0
7354,0
4853,0
179,1
1055,1
3488,0
1603,1
2758,0
2221,0
8897,1
458,0
6459,1
1366,0
1812,1
996,1
3679,0
200,1
1788,0
2677,0
592,1
6241,0
5350,0
4899,0
8319,1
6899,0
3264,0
7864,1
1956,0
6363,0
1971,1
1423,0
2685,1
7254,0
2619,1
6826,0
5796,0
2811,1
4151,0
7351,1
4944,0
2586,0
8894,1
741,0
8746,0
2782,0
5371,0
4318,0
1064,0
4821,1
3742,0
1397,0
8262,0
1409,1
7721,0
8029,1
3999,0
4390,0
6270,1
1462,1
2757,1
7599,1
1044,1
1388,0
3660,0
5647,0
2442,1
6130,0
7697,0
8430,0
1297,0
5379,1
5429,0
6159,0
6399,0
6671,1
2308,0
2357,1
69,1
2853,0
476,0
2192,0
1491,0
8912,1
5008,0
2656,1
2118,0
3292,0
7633,1
7605,1
4627,1
6624,1
2569,0
7829,1
5555,0
3901,1
864,0
1077,0
7152,0
1576,0
1585,1
4209,0
415,1
5317,1
3105,0
3340,0
371,0
2423,1
7919,1
5686,1
34,1
6450,0
4381,0
762,0
5182,0
1774,1
1744,1
638,0
3065,0
830,0
4603,0
797,0
1591,1
232,1
5713,0
3600,1
670,0
3452,0
2603,1
8546,1
4445,0
7837,1
8770,1
5415,0
4609,0
7510,0
8652,1
8545,0
95,1
5316,0
74,0
277,0
3491,0
2893,0
2671,1
3881,0
857,0
7421,0
2048,0
4386,1
4956,0
7785,0
8842,1
1180,0
1216,0
7890,1
7187,0
6358,1
8858,0
6822,1
1138,0
4434,0
2577,0
8331,0
6870,0
432,0
3711,1
7894,1
199,1
3644,1
8446,0
660,1
7401,0
3463,0
4613,0
7761,0
4115,1
8403,0
2651,0
3464,0
3016,0
3162,0
3378,1
7803,1
1115,1
7964,0
6945,0
3357,1
3302,1
7926,0
6743,1
2332,0
2669,0
2803,0
1250,1
8310,0
8741,0
2833,1
7033,1
7245,1
7157,0
1328,0
3861,0
344,1
2503,0
8272,1
6791,1
4995,1
6401,1
4533,1
4743,0
5900,1
1320,1
288,0
2531,0
7892,0
5172,0
5939,1
5263,0
6925,1
6694,1
1796,0
8500,0
4620,1
8107,1
8166,0
7129,1
7611,1
2983,0
5531,1
1443,0
1525,1
962,0
2976,0
3120,0
3784,0
7870,0
352,0
8485,0
4449,1
1113,0
2284,0
1517,0
8011,1
2969,1
2179,1
2494,0
2654,1
914,1
1503,0
6752,0
5455,1
5862,0
240,1
3224,1
3707,1
181,1
4960,1
5618,0
8584,1
6178,0
189,0
2319,1
4020,0
6623,0
8859,1
2314,1
8441,0
3793,0
2553,0
7086,1
7552,1
1190,0
4560,1
4505,0
1048,0
3615,0
6781,0
5606,0
6855,0
5079,0
5004,1
3539,1
4302,0
7155,0
3231,1
8927,0
8210,1
8299,0
5498,1
5144,0
4393,1
2947,1
5503,0
8120,0
1463,1
5707,1
3104,1
4186,0
4402,1
1922,1
2730,0
959,0
2745,1
1629,1
1477,1
5282,0
6064,1
7995,0
8849,0
3251,1
5920,0
5597,1
5611,0
1991,1
5068,1
859,0
3115,1
1892,0
1357,1
3418,1
2376,0
5354,1
6848,1
4090,0
8246,1
6005,1
6323,1
7001,1
6146,0
5809,0
1157,0
3121,0
1184,1
1338,1
2232,1
3857,0
7977,0
1903,1
3066,0
7107,0
84,0
7481,0
2680,1
6172,0
4069,1
1181,1
546,0
3203,0
8039,1
3403,1
4733,1
4657,0
2723,0
8019,0
4261,1
5685,1
3776,0
764,0
4401,0
7222,1
3726,1
4678,0
8070,0
6456,0
55,1
7779,0
3986,0
1554,0
2302,1
2564,1
7580,1
3428,0
2338,0
8692,0
7134,0
829,0
2327,0
5679,1
303,1
1613,1
5449,1
3573,0
2208,0
4551,1
7634,0
4274,0
1624,1
8264,0
3652,0
6598,0
53,0
4646,1
1816,0
1120,1
8504,0
2261,1
751,0
7899,0
8109,0
375,1
7891,0
453,1
4001,0
7797,0
8114,1
946,0
7581,0
1558,0
3775,0
6688,0
5301,0
7133,1
8599,0
8222,0
7940,0
1535,1
3903,0
1634,0
4741,0
3422,0
6974,0
7922,1
8759,1
3594,1
7844,0
3955,1
8424,1
5981,0
2222,0
464,1
7693,0
3773,0
3769,0
115,0
6075,1
8723,1
3870,1
7385,0
2193,0
8938,0
4851,0
7233,1
5381,0
8350,1
2281,1
6803,0
2991,1
4414,1
2124,0
472,0
3656,0
2344,1
376,1
4141,1
3599,0
8643,0
1182,1
8551,1
6161,1
6352,0
6645,0
2210,1
2673,1
5216,0
6986,0
3802,0
1218,0
1684,1
934,0
2271,0
4189,0
8891,0
3800,0
3819,0
8340,0
6753,1
2393,0
6596,0
6121,1
4374,0
7496,0
666,0
2771,0
1100,0
4746,1
5540,1
4017,1
1950,0
1078,1
8355,0
1972,0
5932,1
3320,0
2480,0
3524,0
3074,0
3612,1
6299,0
2235,1
5641,0
837,0
3737,0
8644,1
2105,0
1005,1
1023,1
148,0
1136,0
6400,0
6714,0
2869,1
4196,0
486,0
2630,1
503,1
2676,1
1782,1
3883,0
160,1
5931,1
8371,0
2153,1
2461,0
2529,1
4587,1
3643,1
58,0
8650,1
6300,1
8131,1
6765,0
2886,0
3270,0
8672,0
5180,0
175,0
3691,1
2251,1
8885,0
1395,0
7413,0
7371,1
933,0
1601,1
6084,1
1504,0
3844,0
758,1
7193,1
2383,0
4795,1
985,1
4635,0
7278,0
4848,0
4510,0
5805,1
8777,1
2683,1
1158,1
208,0
5790,0
7585,1
4515,0
4030,0
8281,0
4178,1
3276,0
1128,0
5194,0
8651,0
8610,1
4569,0
3725,0
8241,1
278,0
3714,1
7409,0
3325,0
5787,0
